Calories,Protein,Fat,Carbs
134.7998171846435,6.824497257769653,5.40201096892139,14.29890310786106
